highway | HighwayThing
barrier | BarrierThing
cycleway | CyclewayThing
waterway | WaterwayThing
railway | RailwayThing
aeroway | AerowayThing
aerialway | AerialwayThing
public_transport | PublicTransportThing
power | PowerThing
man_made | ManMadeThing
leisure | Leisure
amenity | Amenity
office | Office
shop | Shop
craft | Craft
emergency | EmergencyThing
tourism | TourismThing
historic | HistoricThing
landuse | Landuse
military | MilitaryThing
natural | NaturalThing
route | RouteThing
boundary | Boundary
sport | SportThing
abutters | Abutters
place | Place
lock | LockThing
building | Building
type route | Route
type multipolygon | MultiPolygon
highway motorway | Motorway
highway motorway_link | MotorwayLink
highway trunk | Trunk
highway trunk_link | TrunkLink
highway primary | PrimaryHighway
highway primary_link | HighwayPrimaryLink
highway secundary | SecundaryHighway
highway secundary_link | HighwaySecundaryLink
highway tertiary | TertiaryHighway
highway tertiary_link | HighwayTertiaryLink
highway residential | ResidentialHighway
highway unclassified | UnclassifiedHighway
highway road | Road
highway living_street | LivingStreet
highway service | Alley
highway track | Track
highway pedestrian | PedestrianUse
highway raceway | Raceway
highway services | ServiceStation
highway rest_area | RestArea
highway bus_guideway | BusGuideway
highway path | Path
highway cycleway | Cycleway
highway footway | Footway
highway bridleway | Bridleway
highway byway | Byway
highway steps | Steps
highway mini_roundabout | MiniRoundabout
highway stop | StopSign
highway give_way | GiveWaySign
highway traffic_signals | TrafficSignals
highway crossing | HighwayCrossing
junction roundabout | Roundabout
highway motorwaykey_junction | MotorwayJunction
highway ford | HighwayFord
highway bus_stop | BusStop
highway turning_circle | TurningCircle
highway construction | HighwayConstruction
highway proposed | ProposedHighway
highway emergency_access_point | EmergencyAccessPoint
highway speed_camera | SpeedCamera
highway street_lamp | StreetLamp
traffic_calming yes | TrafficCalming
traffic_calming bump | Bump
traffic_calming chicane | Chicane
traffic_calming cushion | Cushion
traffic_calming hump | Hump
traffic_calming rumble_strip | RumbleStrip
traffic_calming table | TableBump
traffic_calming choker | Choker
service parking_aisle | ParkingAisle
service driveway | DriveWay
service alley | Alley
highway passing_place | PassingPlace
highway passing_places | PassingPlaces
winter_road yes | WinterRoad
ice_road yes | IceRoad
barrier ditch | DitchBarrier
barrier fence | Fence
barrier hedge | Hedge
barrier wall | Wall
barrier city_wall | CityWall
barrier retaining_wall | RetainingWall
barrier block | Block
barrier bollard | Bollard
barrier cattle_grid | CattleGrid
barrier cycle_barrier | CycleBarrier
barrier toll_booth | TollBooth
barrier entrance | Entrance
barrier border_control | BorderControl
barrier gate | Gate
barrier horse_stile | HorseStile
barrier kissing_gate | KissingGate
barrier lift_gate | LiftGate
barrier sally_port | SallyPort
barrier stile | Stile
barrier turnstile | Turnstile
barrier kent_carriage_gap | KentCarriageGap
barrier chain | Chain
cycleway lane | CyclewayLane
cycleway track | CyclewayTrack
cycleway opposite_lane | CyclewayOppositeLane
cycleway opposite_track | CyclewayOppositeTrack
cycleway opposite | CyclewayOpposite
tracktype grade1 | TrackType1
tracktype grade2 | TrackType2
tracktype grade3 | TrackType3
tracktype grade4 | TrackType4
tracktype grade5 | TrackType5
waterway stream | Stream
waterway river | River
waterway riverbank | Riverbank
waterway canal | Canal
waterway ditch | Ditch
waterway drain | Drain
waterway dock | Dock
waterway lock_gate | LockGate
waterway turning_point | TurningPoint
waterway boatyard | Boatyard
waterway weir | Weir
waterway dam | Dam
lock yes | Lock
tunnel culvert | TunnelCulvert
intermittent yes | Intermittent
waterway aqueduct | Aqueduct
waterway waterfall | Waterfall
waterway biwak | Biwak
waterway depth | Depth
waterway drawbridge | WaterwayDrawbridge
waterway ford | WaterwayFord
waterway fuel | WaterwayFuel
waterway harbour | Harbour
waterway lock | WaterwayLock
waterway milestone | WaterwayMilestone
waterway mineral_spring | MineralSpring
waterway mooring | Mooring
waterway pumping_station | WaterwayPumpingStation
waterway rapids | Rapids
waterway rock | WaterwayRock
waterway sluice | Sluice
waterway spring | WaterwaySpring
waterway water_point | WaterPoint
waterway wreck | WaterwayWreck
railway rail | Rail
railway tram | Tramway
railway light_rail | LightRail
railway abandoned | AbandonedRailway
railway disused | DisusedRailway
railway subway | Subway
railway preserved | PreservedRailway
railway narrow_gauge | NarrowGauge
railway miniature | MiniatureRailway
railway construction | RailwayConstruction
railway monorail | Monorail
railway funicular | FunicularRailway
railway station | RailwayStation
railway halt | RailwayHalt
railway tram_stop | TramStop
railway crossing | RailwayCrossing
railway level_crossing | LevelCrossing
railway subway_entrance | SubwayEntrance
railway turntable | Turntable
railway buffer_stop | BufferStop
landuse railway | RailwayLanduse
railway abandoned_station | AbandonedStation
railway bridge | Bridge
railway disused_station | DisusedStation
railway historic_station | HistoricStation
railway junction | RailwayJunction
railway milestone | RailwayMilestone
railway phone | RailwayPhone
railway platform | RailwayPlatform
railway signal | Signal
railway station_entrance | StationEntrance
railway stop | RailwayStop
railway switch | RailwaySwitch
railway track_halt | TrackHalt
railway tram_station | TramStation
railway ventilation_shaft | VentilationShaft
railway viaduct | Viaduct
railway Viva Blue | Viva+Blue
aeroway aerodrome | Airport
aeroway terminal | AirportTerminal
aeroway helipad | Helipad
aeroway runway | Runway
aeroway taxiway | AirportTaxiway
aeroway apron | Apron
aeroway gate | AirportGate
aeroway windsock | Windsock
aeroway airfield | AirportField
aeroway heliport | Heliport
aeroway holding_point | HoldingPoint
aeroway landing_light | LandingLight
aeroway parking_position | ParkingPosition
aeroway reportingpoint | Reportingpoint
aeroway tower | AirportTower
aerialway cable_car | CableCar
aerialway gondola | Gondola
aerialway chair_lift | ChairLift
aerialway mixed_lift | MixedLift
aerialway drag_lift | DragLift
aerialway station | AerialwayStation
aerialway pylon | Pylon
aerialway goods | AerialwayGoods
public_transport stop_position | StopPosition
public_transport platform | Platform
public_transport station | Station
power tower | PowerTower
power pole | PowerPole
power line | PowerLine
power minor_line | PowerMinorLine
power station | PowerStation
power sub_station | PowerSubStation
power generator | PowerGenerator
power cable_distribution_cabinet | CableDistributionCabinet
power box | PowerBox
power circuit_breaker | CircuitBreaker
power construction | PowerConstruction
power dismantled | PowerDismantled
power house_connection_box | HouseConnectionBox
power line_connection | LineConnection
power pylon | PowerPylon
power switch | PowerSwitch
power transformer | Transformer
man_made adit | Adit
man_made beacon | Beacon
man_made crane | Crane
man_made cutline | Cutline
man_made flagpole | Flagpole
man_made groyne | Groyne
man_made lighthouse | Lighthouse
man_made mineshaft | Mineshaft
man_made monitoring_station | MonitoringStation
man_made petroleum_well | PetroleumWell
man_made pier | Pier
man_made pipeline | Pipeline
man_made reservoir_covered | CoveredReservoir
man_made reservoir | Reservoir
man_made surveillance | Surveillance
man_made survey_point | SurveyPoint
man_made tower | Tower
man_made wastewater_plant | WastewaterPlant
man_made watermill | Watermill
man_made water_tower | WaterTower
man_made water_works | WaterWorks
man_made water_well | WaterWell
man_made windmill | Windmill
man_made works | IndustrialProductionBuilding
man_made antenna | Antenna
man_made barn | ManMadeBarn
man_made billboard | ManMadeBillboard
man_made borderstone | Borderstone
man_made bridge pier | 	Bridge+pier
man_made building | ManMadeBuilding
man_made buoy | ManMadeBuoy
man_made cairn | Cairn
man_made chimney | Chimney
man_made communications_tower | CommunicationsTower
man_made communications_transponder | CommunicationsTransponder
man_made cross | ManMadeCross
man_made Downhill Terminal | 	Downhill+Terminal
man_made environmental_hazard | EnvironmentalHazard
man_made fire_hydrant | ManMadeFireHydrant
man_made fixme | ManMadeFixme
man_made fountain | ManMadeFountain
man_made gaging_station | GagingStation
man_made gasometer | Gasometer
man_made gate | ManMadeGate
man_made gazometer | Gazometer
man_made grouse_butt | GrouseButt
man_made hut | ManMadeHut
man_made lamp | ManMadeLamp
man_made lamp_post | ManMadeLampPost
man_made landmark | Landmark
man_made launch_pad | LaunchPad
man_made lettering | Lettering
man_made lookout_tower | LookoutTower
man_made manhole | Manhole
man_made mast | Mast
man_made MDF | MDF
man_made mine | ManMadeMine
man_made observatory | ManMadeObservatory
man_made oil_platform | OilPlatform
man_made oven | Oven
man_made phone_mast | PhoneMast
man_made pipelinemarker | Pipelinemarker
man_made pipeline_marker | PipelineMarker
man_made pole | ManMadePole
man_made pump | Pump
man_made pumping_rig | PumpingRig
man_made pumping_station | ManMadePumpingStation
man_made pumpjack | Pumpjack
man_made rig | Rig
man_made service_area_interface | ServiceAreaInterface
man_made serving_area_interface | ServingAreaInterface
man_made sheepfold | Sheepfold
man_made sign | ManMadeSign
man_made silo | Silo
man_made statue | ManMadeStatue
man_made storage | ManMadeStorage
man_made storage_tank | StorageTank
man_made summit_cross | SummitCross
man_made tank | ManMadeTank
man_made telephone_exchange | TelephoneExchange
man_made telescope | Telescope
man_made Uphill Terminal | Uphill+Terminal
man_made videosurveillance | Videosurveillance
man_made village_pump | VillagePump
man_made water_tank | WaterTank
man_made well | ManMadeWell
man_made well_water | WellWater
man_made wildlife_hide | WildlifeHide
man_made windpump | Windpump
man_made wolf_pit | WolfPit
leisure dog_park | DogPark
leisure sports_centre | SportsCentre
leisure golf_course | GolfCourse
leisure stadium | Stadium
leisure track | Track
leisure pitch | Pitch
leisure water_park | WaterPark
leisure marina | Marina
leisure slipway | Slipway
leisure fishing | Fishing
leisure nature_reserve | NatureReserve
leisure park | Park
leisure playground | Playground
leisure garden | Garden
leisure common | Common
leisure ice_rink | IceRink
leisure miniature_golf | MiniatureGolf
leisure dance | Dance
leisure swimming_pool | SwimmingPool
leisure bandstand | Bandstand
leisure beach | Beach
leisure beach_resort | BeachResort
leisure bingo | Bingo
leisure bird_hide | BirdHide
leisure casino | Casino
leisure club | Club
leisure fitness_centre | FitnessCentre
leisure fitness | Fitness
leisure fitness trail | Fitness+trail
leisure gym | Gym
leisure hackerspace | Hackerspace
leisure hole | Hole
leisure horse_riding | HorseRiding
leisure hot_spring | HotSpring
leisure music_venue | MusicVenue
leisure park_bench | ParkBench
leisure point_of_interest | PointOfInterest
leisure sailing_club | SailingClub
leisure sauna | Sauna
leisure skate_park | SkatePark
leisure social_club | SocialClub
leisure sport | Sport
amenity advertisement | Advertisement
amenity advertising | Advertising
amenity air_fill | AirFill
amenity airplane | Airplane
amenity airport | Airport
amenity alm | Alm
amenity ambulance | Ambulance
amenity ambulance_station | AmbulanceStation
amenity animal_shelter | AnimalShelter
amenity restaurant | Restaurant
amenity food_court | FoodCourt
amenity fast_food | FastFood
amenity drinking_water | DrinkingWater
amenity bbq | Bbq
amenity pub | Pub
amenity bar | Bar
amenity cafe | Cafe
amenity biergarten | Biergarten
amenity ice_cream | IceCream
amenity kindergarten | Kindergarten
amenity school | School
amenity college | College
amenity library | Library
amenity university | University
amenity ferry_terminal | FerryTerminal
amenity bicycle_parking | BicycleParking
amenity bicycle_rental | BicycleRental
amenity bus_station | BusStation
amenity car_rental | CarRental
amenity car_sharing | CarSharing
amenity car_wash | CarWash
amenity fuel | FuelStation
amenity grit_bin | GritBin
amenity parking | Parking
amenity parking_space | ParkingSpace
amenity parking_entrance | ParkingEntrance
amenity taxi | Taxi
amenity ev_charging | EvCharging
amenity atm | Atm
amenity bank | Bank
amenity bureau_de_change | BureauDeChange
amenity pharmacy | Pharmacy
amenity hospital | Hospital
amenity baby_hatch | BabyHatch
amenity dentist | Dentist
amenity doctors | Doctors
amenity nursing_home | NursingHome
amenity social_facility | SocialFacility
amenity veterinary | Veterinary
amenity arts_centre | ArtsCentre
amenity cinema | Cinema
amenity community_centre | CommunityCentre
amenity social_centre | SocialCentre
amenity fountain | Fountain
amenity nightclub | Nightclub
amenity stripclub | Stripclub
amenity studio | Studio
amenity theatre | Theatre
amenity bench | Bench
amenity brothel | Brothel
amenity clock | Clock
amenity courthouse | Courthouse
amenity crematorium | Crematorium
amenity embassy | Embassy
amenity fire_station | FireStation
amenity grave_yard | GraveYard
amenity hunting_stand | HuntingStand
amenity marketplace | Marketplace
amenity place_of_worship | PlaceOfWorship
amenity police | Police
amenity post_box | PostBox
amenity post_office | PostOffice
amenity prison | Prison
amenity public_building | PublicBuilding
amenity recycling | RecyclingFacility
amenity sauna | Sauna
amenity shelter | Shelter
amenity telephone | Telephone
amenity toilets | Toilets
amenity townhall | Townhall
amenity vending_maschine | VendingMaschine
amenity waste_basket | WasteBasket
amenity waste_disposal | WasteDisposal
amenity watering_place | WateringPlace
amenity art_gallery | ArtGallery
amenity artwork | Artwork
amenity ATM | ATM
amenity Baisschool | Baisschool
amenity bakery | Bakery
amenity bandstand | Bandstand
amenity bank,atm | Bank%2Catm
amenity bank;atm | Bank%3Batm
amenity Bank | Bank
amenity barbeque | Barbeque
amenity Barfusspfad | Barfusspfad
amenity bicycle_lockers | BicycleLockers
amenity billboard | Billboard
amenity boat_rental | BoatRental
amenity border_control | BorderControl
amenity brewery | Brewery
amenity Briefkasten | Briefkasten
amenity bts | Bts
amenity building_entrance | BuildingEntrance
amenity building | Building
amenity bus_stop | BusStop
amenity camera | Camera
amenity campsite | Campsite
amenity care_home | CareHome
amenity car_repair | CarRepair
amenity casino | Casino
amenity cemetery | Cemetery
amenity chapel | Chapel
amenity charity | Charity
amenity child_care | ChildCare
amenity chiropractor | Chiropractor
amenity church_hall | ChurchHall
amenity church | Church
amenity citymap_post | CitymapPost
amenity clinic | Clinic
amenity club_house | ClubHouse
amenity club | Club
amenity coffeeshop | CoffeeShop
amenity commercial | Commercial
amenity community_hall | CommunityHall
amenity company | Company
amenity concert_hall | ConcertHall
amenity conference_centre | ConferenceCentre
amenity construction | Construction
amenity consulate | Consulate
amenity cross | Cross
amenity customs | Customs
amenity daycare | Daycare
amenity dead_pub | DeadPub
amenity derestricted speed limit | Derestricted+speed+limit
amenity disused_pub | DisusedPub
amenity dive_center | DiveCenter
amenity doctor | Doctor
amenity dog_bin | DogBin
amenity dog_waste | DogWaste
amenity dormitory | Dormitory
amenity driving_school | DrivingSchool
amenity elevator | Elevator
amenity emergency_phone | EmergencyPhone
amenity emergency_telephone | EmergencyTelephone
amenity entrance | Entrance
amenity factory | Factory
amenity farm | Farm
amenity fire_beater | FireBeater
amenity fire_hydrant | FireHydrant
amenity fireplace | Fireplace
amenity first_aid | FirstAid
amenity florist | Florist
amenity foot_shower | FootShower
amenity forester | Forester
amenity fraternity | Fraternity
amenity fuel;car_wash | Fuel%3BcarWash
amenity funeral_home | FuneralHome
amenity gallery | Gallery
amenity gambling | Gambling
amenity garage | Garage
amenity garbage | Garbage
amenity goverment_building | GovermentBuilding
amenity grave | Grave
amenity guidepost | Guidepost
amenity gym | Gym
amenity hairdresser | Hairdresser
amenity hall | Hall
amenity health_centre | HealthCentre
amenity heuriger | Heuriger
amenity hide | Hide
amenity hospice | Hospice
amenity hotel | Hotel
amenity hunting_blind | HuntingBlind
amenity hut | Hut
amenity hydrant | Hydrant
amenity information | Information
amenity insurance | Insurance
amenity internet_access | InternetAccess
amenity internet_cafe | InternetCafe
amenity internet | Internet
amenity job_centre | JobCentre
amenity kneipp_water_cure | KneippWaterCure
amenity lamp | Lamp
amenity lamp_post | LampPost
amenity language_school | LanguageSchool
amenity lawyer | Lawyer
amenity layby | Layby
amenity leisure_centre | Centre
amenity leisure | Amenity
amenity licensed_club | LicensedClub
amenity lifeboat_station | LifeboatStation
amenity life-buoy | Life-buoy
amenity life_ring | LifeRing
amenity litter_bin | LitterBin
amenity market | Market
amenity massage | Massage
amenity medical_centre | MedicalCentre
amenity medical | Medical
amenity milestone | Milestone
amenity milk_dispenser | MilkDispenser
amenity mine | Mine
amenity monastery | Monastery
amenity mortuary | Mortuary
amenity motorcycle_parking | MotorcycleParking
amenity mountain_rescue | MountainRescue
amenity music_venue | MusicVenue
amenity natural_shelter | NaturalShelter
amenity nest_box | NestBox
amenity notice | Notice
amenity nursery | Nursery
amenity observatory | Observatory
amenity office | Office
amenity optometrist | Optometrist
amenity other | Other
amenity parcel_box | ParcelBox
amenity park_bench | ParkBench
amenity park | Park
amenity parking;fuel | Parking%3Bfuel
amenity parking_meter | ParkingMeter
amenity parking;restaurant;fuel | Parking%3Brestaurant%3Bfuel
amenity phone | Phone
amenity physiotherapy | Physiotherapy
amenity picknick | Picknick
amenity picnic table | 	Picnic+table
amenity picnic_table | PicnicTable
amenity pietra miliare FD | Pietra+miliare+FD
amenity playground | Playground
amenity plumber | Plumber
amenity preschool | Preschool
amenity public_market | PublicMarket
amenity reception_area | ReceptionArea
amenity red_cross | RedCross
amenity register_office | RegisterOffice
amenity relay_box | RelayBox
amenity rescue_box | RescueBox
amenity rescue | Rescue
amenity rescue_service | RescueService
amenity residential_home | ResidentialHome
amenity residential | Residential
amenity restaurant;pub | Restaurant%3Bpub
amenity retail | Retail
amenity retirement_home | RetirementHome
amenity salon | Salon
amenity scout_hall | ScoutHall
amenity scout_hut | ScoutHut
amenity seat | Seat
amenity seating,ornamental | Seating%2Cornamental
amenity sento | Sento
amenity service | Service
amenity services | Services
amenity sheltered_housing | ShelteredHousing
amenity shop | Shop
amenity shopping | Shopping
amenity shops | Shops
amenity shower | Shower
amenity showers | Showers
amenity signpost | Signpost
amenity ski_rental | SkiRental
amenity ski_school | SkiSchool
amenity snow_park | SnowPark
amenity social_club | SocialClub
amenity social_services | SocialServices
amenity solarium | Solarium
amenity spa | Spa
amenity speed_enforcement | SpeedEnforcement
amenity speed_trap | SpeedTrap
amenity sport | Sport
amenity sports_centre | SportsCentre
amenity statue | Statue
amenity storage | Storage
amenity street_lamp | StreetLamp
amenity street_light | StreetLight
amenity supermarket | Supermarket
amenity surgery | Surgery
amenity survey | Survey
amenity swimming_pool | SwimmingPool
amenity table | Table
amenity take_away | TakeAway
amenity tourist | Tourist
amenity trade | Trade
amenity traffic_light | TrafficLight
amenity trash_bin | TrashBin
amenity trash_can | TrashCan
amenity tricycle_station | TricycleStation
amenity vdsl-aru | Vdsl-aru
amenity vehicle_inspection | VehicleInspection
amenity vending | Vending
amenity vending machine | Vending+machine
amenity vending_machine | VendingMachine
amenity vet | Vet
amenity vets | Vets
amenity video_rental | VideoRental
amenity village_hall | VillageHall
amenity walking_bus | WalkingBus
amenity waste_basket;recycling | WasteBasket%3Brecycling
amenity waste_bin | WasteBin
amenity waste_bucket | WasteBucket
amenity waste_container | WasteContainer
amenity waste | Waste
amenity water_fountain | WaterFountain
amenity water | Water
amenity water_well | WaterWell
amenity well | Well
amenity whirlpool | Whirlpool
amenity wifi | Wifi
amenity winery | Winery
amenity wlan | Wlan
amenity WLAN | WLAN
amenity youth_centre | YouthCentre
amenity youth_club | YouthClub
office accountant | AccountantOffice
office administrative | AdministrativeOffice
office architect | ArchitectOffice
office camping | CampingOffice
office company | CompanyOffice
office educational_institution | EducationalInstitutionOffice
office employment_agency | EmploymentAgencyOffice
office estate_agent | EstateAgentOffice
office government | GovernmentOffice
office insurance | InsuranceOffice
office it | ItOffice
office lawyer | LawyerOffice
office newspaper | NewspaperOffice
office architect | ArchitectOffice
office ngo | NgoOffice
office quango | QuangoOffice
office research | ResearchOffice
office telecommunication | TelecommunicationOffice
office travel_agent | TravelAgentOffice
shop alcohol | AlcoholShop
shop anime | AnimeShop
shop art | ArtShop
shop baby_goods | BabyGoodsShop
shop bakery | Bakery
shop bathroom_furnishing | BathroomFurnishingShop
shop beauty | BeautyShop
shop bed | BedShop
shop beverages | BeverageMarket
shop bicycle | BicycleShop
shop books | BookShop
shop adult | AdultShop
shop agrarian | Agrarian
shop animal | AnimalShop
shop animals | AnimalsShop
shop antique | AntiqueShop
shop antiques | AntiquesShop
shop antiquities | AntiquitiesShop
shop apparel | Apparel
shop appliance | Appliance
shop appliances | Appliances
shop art_gallery | ArtGalleryShop
shop art_supplies | ArtSupplies
shop audiologist | Audiologist
shop audio_video | AudioVideoShop
shop automotive | AutomotiveShop
shop auto_parts | AutoPartsShop
shop auto_repair | AutoRepair
shop baby | BabyShop
shop bags | BagsShop
shop barber | Barber
shop bathroom | Bathroom
shop beautician | Beautician
shop beauty_salon | BeautySalon
shop betting | Betting
shop bookmaker | BookmakerShop
shop bookmakers | BookmakersShop
shop books | BooksShop
shop boutique | Boutique
shop butcher | Butcher
shop butchers | Butchers
shop camera | CameraShop
shop candy | CandyShop
shop car;car_repair | Car%3BcarRepair
shop car_dealer | CarDealer
shop cards | CardsShop
shop car | CarShop
shop car_parts | CarParts
shop carpenter | Carpenter
shop carpet | Carpet
shop carpets | Carpets
shop car_repair | CarRepairShop
shop car_wash | CarWash
shop catalogue | Catalogue
shop cell_phones | CellPhones
shop ceramics | Ceramics
shop chandler | Chandler
shop charity | CharityShop
shop cheese | Cheese
shop chemist | Chemist
shop chocolate | Chocolate
shop closed | Closed
shop clothes | Clothes
shop clothes: women | 	Clothes%3A+women
shop clothes:women | Clothes%3Awomen
shop clothing | Clothing
shop coffee | CoffeeShop
shop coffee_shop | CoffeeShop
shop communication | Communication
shop communications | Communications
shop computer | Computer
shop condos | Condos
shop confectionery | Confectionery
shop construction | ConstructionShop
shop convenience | Convenience
shop copyshop | Copyshop
shop cosmetics | Cosmetics
shop craft | Craft
shop crafts | Crafts
shop dairy | Dairy
shop decoration | Decoration
shop delicatessen | Delicatessen
shop deli | Deli
shop department_store | DepartmentStore
shop dept | Dept
shop design | Design
shop discount | Discount
shop dive_centre | DiveCentre
shop diy | Diy
shop doityourself | Doityourself
shop dollar | Dollar
shop driving_school | DrivingSchoolShop
shop drugstore | Drugstore
shop dry_cleaning | DryCleaning
shop electrician | Electrician
shop electronics | Electronics
shop empty | Empty
shop estanco | Estanco
shop estate_agent | EstateAgent
shop fabric | Fabric
shop fabrics | Fabrics
shop fairtrade | Fairtrade
shop farm | FarmShop
shop farm_shop | FarmShop
shop fashion | Fashion
shop financial | Financial
shop fish | Fish
shop fishing | FishingShop
shop fishmonger | Fishmonger
shop fitness | FitnessShop
shop fixme | ShopFixme
shop FIXME | ShopFIXME
shop flooring | Flooring
shop florist | FloristShop
shop flowers | Flowers
shop folk_art | FolkArt
shop food | Food
shop foto | Foto
shop frozen_food | FrozenFoodShop
shop fruit | Fruit
shop funeral_directors | FuneralDirectors
shop furniture | Furniture
shop gallery | GalleryShop
shop gambling | GamblingShop
shop games | Games
shop garage | GarageShop
shop garden_center | GardenCenter
shop garden_centre | GardenCentre
shop garden | GardenShop
shop general | General
shop gift | Gift
shop gifts | Gifts
shop glass | Glass
shop glaziery | Glaziery
shop goldsmith | Goldsmith
shop greengrocer | Greengrocer
shop groceries | Groceries
shop grocery | Grocery
shop gym | GymShop
shop haberdashery | Haberdashery
shop hairdresser | HairdresserShop
shop hardware | Hardware
shop health_and_beauty | HealthAndBeauty
shop health_food | HealthFood
shop health | Health
shop hearing_aid | HearingAid
shop hearing_aids | HearingAids
shop hifi | Hifi
shop hobby | Hobby
shop home | Home
shop home_improvement | HomeImprovement
shop household | Household
shop housewares | Housewares
shop ice_cream | IceCreamShop
shop insurance | Insurance
shop interiors | Interiors
shop internet_cafe | InternetCafe
shop jewelers | Jewelers
shop jewelry | Jewelry
shop keys | Keys
shop kiosk | Kiosk
shop Kiosk | Kiosk
shop kitchen | KitchenShop
shop laundry | Laundry
shop leather | Leather
shop legal_services | LegalServices
shop lighting | Lighting
shop lingerie | Lingerie
shop locksmith | Locksmith
shop mall | Mall
shop market | Market
shop massage | MassageShop
shop mattress | Mattress
shop meat | Meat
shop minimarket | Minimarket
shop misc | Misc
shop mobile | Mobile
shop mobile_phone | MobilePhone
shop mobile_telephony | MobileTelephony
shop motorbike | Motorbike
shop motorcycle | Motorcycle
shop motorcycle_repair | MotorcycleRepair
shop musical_instruments | MusicalInstruments
shop music | Music
shop nail_salon | NailSalon
shop nails | Nails
shop newsagent | Newsagent
shop newsstand | Newsstand
shop no | NotAShop
shop office | OfficeShop
shop office_supplies | OfficeSupplies
shop optician | OpticianShop
shop organic | Organic
shop other | OtherShop
shop outdoor | Outdoor
shop outlet | Outlet
shop painter | Painter
shop paint | Paint
shop pastry | Pastry
shop patisserie | Patisserie
shop pawnshop | Pawnshop
shop payday_loans | PaydayLoans
shop perfume | Perfume
shop perfumery | Perfumery
shop pet_food | PetFood
shop pet | Pet
shop pet_shop | PetShop
shop pets | Pets
shop pet_supplies | PetSupplies
shop pet_supply | PetSupply
shop pharmacy | Pharmacy
shop phone | PhoneShop
shop photocopying | Photocopying
shop photo | Photo
shop plumber | Plumber
shop pottery | Pottery
shop printer | Printer
shop printing | Printing
shop real_estate | RealEstate
shop records | Records
shop salon | Salon
shop scuba_diving | ScubaDivingShop
shop second_hand | SecondHand
shop shipping | Shipping
shop shoemaker | Shoemaker
shop shoe_repair | ShoeRepair
shop shoes | Shoes
shop shop | Shop
shop shopping_center | ShoppingCenter
shop shopping_centre | ShoppingCentre
shop snacks | Snacks
shop solarium | Solarium
shop souvenir | Souvenir
shop souvenirs | Souvenirs
shop sport | SportShop
shop sports | Sports
shop stationary | Stationary
shop stationery | Stationery
shop supermarket | Supermarket
shop Supermarket | Supermarket
shop sweets | Sweets
shop tailor | Tailor
shop take_away | TakeAway
shop tanning | Tanning
shop tattoo | Tattoo
shop tax | Tax
shop tea | Tea
shop technology | Technology
shop telecom | Telecom
shop telecommunication | Telecommunication
shop telephone | TelephoneShop
shop textiles | Textiles
shop thrift | Thrift
shop ticket | Ticket
shop tickets | Tickets
shop tobacco | Tobacco
shop tobacconist | Tobacconist
shop tourist | TouristShop
shop toys | Toys
shop travel agency | TravelAgency
shop travel_agency | TravelAgency
shop trumpet | Trumpet
shop tyres | Tyres
shop undefined | UndefinedShop
shop unknown | UnknownShop
shop vacant | Vacant
shop variety | Variety
shop video_games | VideoGames
shop video | Video
shop video_rental | VideoRental
shop watches | Watches
shop water_refilling | WaterRefilling
shop whatever | Whatever
shop wholesale | Wholesale
shop windows | Windows
shop wine | Wine
shop winery | WineryShop
shop wood | WoodShop
shop yes | Shop
shop zoo | ZooShop
craft agricultural_engines | AgriculturalEnginesCraft
craft basket_maker | BasketMaker
craft beekeeper | Beekeeper
craft blacksmith | Blacksmith
craft brewery | Brewery
craft boatbuilder | Boatbuilder
craft bookbinder | Bookbinder
craft carpenter | Carpenter
craft carpet_layer | CarpetLayer
craft caterer | Catere
craft clockmaker | Clockmaker
craft confectionery | Confectionery
craft dressmaker | Dressmaker
craft electrician | Electrician
craft gardener | Gardener
craft glaziery | Glaziery
craft handicraft | Handicraft
craft hvac | Hvac
craft insulation | Insulation
craft jeweller | Jeweller
craft locksmith | Locksmith
craft key_cutter | KeyCutter
craft metal_construction | MetalConstructionCraft
craft optician | OpticianCraft
craft painter | Painter
craft parquet_layer | ParquetLayer
craft photographer | Photographer
craft photographic_laboratory | PhotographicLaboratory
craft plasterer | Plasterer
craft plumber | Plumber
craft pottery | Pottery
craft rigger | Rigger
craft roofer | Roofer
craft saddler | Saddler
craft sailmaker | Sailmaker
craft sawmill | Sawmill
craft scaffolder | Scaffolder
craft sculptor | Sculptor
craft shoemaker | Shoemaker
craft stand_builder | StandBuilder
craft stonemason | Stonemason
craft sun_protection | SunProtection
craft sweep | Sweep
craft tailor | Tailor
craft tiler | Tiler
craft tinsmith | Tinsmith
craft upholsterer | Upholsterer
craft watchmaker | Watchmaker
emergency ambulance_station | AmbulanceStation
emergency fire_extinguisher | FireExtinguisher
emergency fire_flapper | FireFlapper
emergency fire_hose | FireHose
emergency fire_hydrant | FireHydrant
emergency phone | EmergencyPhone
emergency ses_station | SesStation
emergency siren | EmergencySiren
tourism alpine_hut | AlpineHut
tourism attraction | Attraction
tourism artwork | Artwork
tourism bed_and_breakfast | BedAndBreakfast
tourism camp_site | CampSite
tourism caravan_site | CaravanSite
tourism chalet | Chalet
tourism guest_house | GuestHouse
tourism hostel | Hostel
tourism hotel | Hotel
tourism information | TourismInformation
tourism motel | Motel
tourism museum | Museum
tourism picnic_site | PicnicSite
tourism theme_park | ThemePark
tourism viewpoint | Viewpoint
tourism zoo | Zoo
tourism yes | PointOfInterest
tourism hanami | Hanami
building 1 | Building
building apartments | ApartmentBuilding
building barn | BuildingBarn
building building | BuildingBuilding
building bunker | BuildingBunker
building cabin | BuildingCabin
building chapel | BuildingChapel
building church | BuildingChurch
building clubhouse | Clubhouse
building collapsed | Collapsed
building commercial | BuildingCommercial
building detached | Detached
building dormitory | BuildingDormitory
building entrance | BuildingEntrance
building entry | Entry
building farm | BuildingFarm
building flats | Flats
building fortress | Fortress
building garage | BuildingGarage
building hall | BuildingHall
building hospital | BuildingHospital
building house | BuildingHouse
building hut | BuildingHut
building kiosk | BuildingKiosk
building monastery | BuildingMonastery
building no | BuildingNo
building office | BuildingOffice
building offices | Offices
building pavilion | Pavilion
building residential | BuildingResidential
building retail | BuildingRetail
building school | BuildingSchool
building shed | Shed
building terrace | Terrace
building tower | BuildingTower
building train_station | TrainStation
building university | BuildingUniversity
building unknown | BuildingUnknown
building yes | Building
historic archaeological_site | ArchaeologicalSite
historic battlefield | Battlefield
historic boundary_stone | BoundaryStone
historic castle | Castle
historic fort | Fort
historic memorial | Memorial
historic monument | Monument
historic ruins | Ruins
historic wayside_cross | WaysideCross
historic wayside_shrine | WaysideShrine
historic wreck | Wreck
historic rune_stone | RuneStone
historic abbey | Abbey
historic boundary_marker | BoundaryMarker
historic bridge site | 	Bridge+site
historic building | HistoricBuilding
historic chapel | HistoricChapel
historic church | HistoricChurch
historic city_gate | CityGate
historic fountain | HistoricFountain
historic Granattrichter | Granattrichter
historic heritage | Heritage
historic house | HistoricHouse
historic icon | Icon
historic industrial | HistoricIndustrial
historic lavoir | Lavoir
historic manor | Manor
historic marker | HistoricMarker
historic menhir | Menhir
historic milestone | HistoricMilestone
historic mill | Mill
historic mine | HistoricMine
historic mine_shaft | MineShaft
historic monastery | HistoricMonastery
historic museum | HistoricMuseum
historic palace | Palace
historic protected_building | ProtectedBuilding
historic saints_cross | SaintsCross
historic statue | HistoricStatue
historic stone_circle | StoneCircle
historic tombstone | Tombstone
historic tower | HistoricTower
historic tumulus | Tumulus
historic UNESCO_world_heritage | UNESCOWorldHeritage
historic wayside_chapel | WaysideChapel
historic well | HistoricWell
historic yes | HistoricPointOfInterest
landuse allotments | Allotments
landuse basin | Basin
landuse brownfield | Brownfield
landuse cemetery | Cemetery
landuse commercial | CommercialLanduse
landuse construction | ConstructionLanduse
landuse farm | Farm
landuse farmland | Farmland
landuse farmyard | Farmyard
landuse forest | Forest
landuse garages | Garages
landuse grass | GrassLanduse
landuse greenfield | Greenfield
landuse greenhouse_horticulture | GreenhouseHorticulture
landuse industrial | IndustrialLanduse
landuse landfill | Landfill
landuse meadow | Meadow
landuse military | MilitaryLanduse
landuse orchard | Orchard
landuse plant_nursery | PlantNursery
landuse quarry | Quarry
landuse railway | RailwayLanduse
landuse recreation_ground | RecreationGround
landuse reservoir | Reservoir
landuse residential | ResidentialLanduse
landuse retail | RetailLanduse
landuse salt_pond | SaltPond
landuse village_green | VillageGreen
landuse vineyard | Vineyard
landuse mine | LanduseMine
landuse mining | Mining
landuse park | LandusePark
landuse parking | LanduseParking
landuse resis | Resis
landuse thresing_floor | ThresingFloor
landuse treerow | Treerow
landuse wood | LanduseWood
military airfield | MilitaryAirport
military bunker | MilitaryBunker
military barracks | Barracks
military danger_area | DangerArea
military range | MilitaryRange
military naval_base | NavalBase
motorcar agricultural | motorcar_agricultural
motorcar no | motorcar_no
motorcar private | motorcar_private
motorcar yes | motorcar_yes
natural coastline | Coastline
natural bay | Bay
natural water | Water
natural spring | Spring
natural volcano | Volcano
natural peak | Peak
natural glacier | Glacier
natural bedrock | Bedrock
natural scree | Scree
natural fell | Fell
natural stone | Stone
natural sand | Sand
natural grassland | Grassland
natural heath | Heath
natural scrub | Scrub
natural wood | Wood
natural tree | Tree
natural wetland | Wetland
natural marsh | Marsh
natural mud | Mud
natural cliff | Cliff
natural cave_entrance | CaveEntrance
natural beach | Beach
natural bench | NaturalBench
natural cape | Cape
natural cave | Cave
natural channel | Channel
natural col | Col
natural crater | Crater
natural feature | Feature
natural fen | Fen
natural fjord | Fjord
natural geyser | Geyser
natural headland | Headland
natural hill | Hill
natural island | Island
natural land | Land
natural moor | Moor
natural mountain_pass | MountainPass
natural mushroom | Mushroom
natural peninsula | Peninsula
natural plain | Plain
natural plateau | Plateau
natural point | Point
natural reef | Reef
natural ridge | Ridge
natural river | NaturalRiver
natural rock | NaturalRock
natural rocks | Rocks
natural sa | Sa
natural sea | Sea
natural shoal | Shoal
natural strait | Strait
natural valley | NaturalValley
natural waterfall | NaturalWaterfall
natural waterhole | Waterhole
geological palaeontological_site | PalaeontologicalSite
geological outcrop | Outcrop
route bicycle | BicycleRoute
route bus | BusRoute
route detour | DetourRoute
route ferry | FerryRoute
route hiking | HikingRoute
route mtb | MtbRoute
route piste | PisteRoute
route railway | RailwayRoute
route road | RoadRoute
route ski | SkiRoute
route train | TrainRoute
route tram | TramRoute
boundary administrative | AdministrativeBoundary
boundary civil | CivilBoundary
boundary political | PoliticalBoundary
boundary maritime | MaritimeBoundary
boundary national_park | NationalPark
boundary protected_area | ProtectedArea
boundary city_limit | CityLimit
boundary forest | BoundaryForest
boundary marker | BoundaryMarker
boundary national_forest | NationalForest
boundary protected_area | ProtectedArea
sport 9pin | NinePinBowling
sport 10pin | TenPinBowling
sport american_football | AmericanFootball
sport archery | Archery
sport athletics | Athletics
sport australian_football | AustralianFootball
sport BASE | BASE
sport badminton | Badminton
sport baseball | Baseball
sport basketball | Basketball
sport beachvolleyball | Beachvolleyball
sport bmx | Bmx
sport boules | Boules
sport bowls | Bowls
sport cannadian_football | CannadianFootball
sport canoe | Canoe
sport chess | Chess
sport climbing | Climbing
sport cricket | Cricket
sport cricket_nets | CricketNets
sport croquet | Croquet
sport cycling | Cycling
sport diving | Diving
sport dog_racing | DogRacing
sport fencing | Fencing
sport equestrian | Equestrian
sport gaelic_games | GaelicGames
sport golf | Golf
sport gymnastics | Gymnastics
sport hockey | Hockey
sport horseshoes | HorseShoes
sport horse_racing | HorseRacing
sport ice_stock | IceStock
sport karting | Karting
sport korfball | Korfball
sport motor | MotorSport
sport multi | MultiSports
sport orienteering | Orienteering
sport paddle_tennis | PaddleTennis
sport paragliding | Paragliding
sport free_flying | FreeFlying
sport pelota | Pelota
sport racquet | Racquet
sport rowing | Rowing
sport rugby_league | RugbyLeague
sport rugby_union | RugbyUnion
sport shooting | Shooting
sport skating | IceSkating
sport skateboard | Skateboarding
sport skiing | Skiing
sport soccer | Soccer
sport surfing | Surfing
sport swimming | Swimming
sport table_tennis | TableTennis
sport team_handball | TeamHandball
sport tennis | Tennis
sport toboggan | Toboggan
sport volleyball | Volleyball
sport water_ski | WaterSki
sport billard | Billard
sport billiard | Billiard
sport bowling | Bowling
sport boxing | Boxing
sport curling | Curling
sport dancing | Dancing
sport dog | Dog
sport dog_training | DogTraining
sport equestrian | Equestrian
sport fitness | SportFitness
sport football | Football
sport gaa | Gaa
sport gaelic_football;hurling | GaelicFootball%3Bhurling
sport golf | Golf
sport gym | SportGym
sport handball | Handball
sport judo | Judo
sport model_aerodrome | ModelAerodrome
sport multi | Multi
sport netball | Netball
sport paintball | Paintball
sport sailing | Sailing
sport scuba_diving | SportScubaDiving
sport snooker | Snooker
sport softball | Softball
sport squash | Squash
sport via_ferrata | ViaFerrata
sport volley ball | Volley+ball
sport water_sports | WaterSports
sport windsurfing | Windsurfing
abutters residential | ResidentialAbutters
abutters retail | RetailAbutters
abutters commercial | CommercialAbutters
abutters industrial | IndustrialAbutters
abutters mixed | MixedAbutters
place continent | Continent
place country | Country
place state | State
place region | Region
place county | County
place city | City
place town | Town
place village | Village
place hamlet | Hamlet
place suburb | Suburb
place isolated_dwelling | IsolatedDwelling
place locality | Locality
place island | Island
place farm | Farm
place islet | Islet
place municipality | Municipality
place subdivision | Subdivision
wheelchair limited | wheelchair_limited
wheelchair no | wheelchair_no
wheelchair unknown | wheelchair_unknown
wheelchair yes | wheelchair_yes
